,director_name,actor_1_name,actor_2_name,actor_3_name,genres,movie_title,comb
0,Ridley Scott,Mark Addy,William Hurt,Scott Grimes,Action Adventure Drama History,robin hood,Mark Addy William Hurt Scott Grimes Ridley Scott Action Adventure Drama History
1,Michael Bay,Jennifer Garner,Jaime King,Mako,Action Drama History Romance War,pearl harbor,Jennifer Garner Jaime King Mako Michael Bay Action Drama History Romance War
2,Oliver Stone,Anthony Hopkins,Angelina Jolie Pitt,Brian Blessed,Action Adventure Biography Drama History Romance War,alexander,Anthony Hopkins Angelina Jolie Pitt Brian Blessed Oliver Stone Action Adventure Biography Drama History Romance War
3,Edward Zwick,Tom Cruise,Tony Goldwyn,Chad Lindberg,Action Drama History War,the last samurai,Tom Cruise Tony Goldwyn Chad Lindberg Edward Zwick Action Drama History War
4,Peter Weir,James D'Arcy,Lee Ingleby,David Threlfall,Action Adventure Drama History War,master and commander: the far side of the world,James D'Arcy Lee Ingleby David Threlfall Peter Weir Action Adventure Drama History War
5,John McTiernan,Tony Curran,Vladimir Kulich,Clive Russell,Action Adventure History,the 13th warrior,Tony Curran Vladimir Kulich Clive Russell John McTiernan Action Adventure History
6,Roland Emmerich,Heath Ledger,Adam Baldwin,Tom Wilkinson,Action Drama History War,the patriot,Heath Ledger Adam Baldwin Tom Wilkinson Roland Emmerich Action Drama History War
7,Ridley Scott,Liam Neeson,Orlando Bloom,Philip Glenister,Action Adventure Drama History War,kingdom of heaven,Liam Neeson Orlando Bloom Philip Glenister Ridley Scott Action Adventure Drama History War
8,Michael Mann,Johnny Depp,Christian Bale,Stephen Graham,Biography Crime Drama History Romance,public enemies,Johnny Depp Christian Bale Stephen Graham Michael Mann Biography Crime Drama History Romance
9,Ron Howard,Chris Hemsworth,Benjamin Walker,Frank Dillane,Action Adventure Biography Drama History Thriller,in the heart of the sea,Chris Hemsworth Benjamin Walker Frank Dillane Ron Howard Action Adventure Biography Drama History Thriller
10,Yimou Zhang,Christian Bale,Ni Ni,Shigeo Kobayashi,Drama History Romance War,the flowers of war,Christian Bale Ni Ni Shigeo Kobayashi Yimou Zhang Drama History Romance War
11,Ridley Scott,Ioan Gruffudd,Sam Shepard,Ewen Bremner,Drama History War,black hawk down,Ioan Gruffudd Sam Shepard Ewen Bremner Ridley Scott Drama History War
12,Bryan Singer,Tom Cruise,Tom Wilkinson,Thomas Kretschmann,Drama History Thriller War,valkyrie,Tom Cruise Tom Wilkinson Thomas Kretschmann Bryan Singer Drama History Thriller War
13,Kathryn Bigelow,Liam Neeson,Christian Camargo,Lex Shrapnel,Drama History Thriller War,k-19: the widowmaker,Liam Neeson Christian Camargo Lex Shrapnel Kathryn Bigelow Drama History Thriller War
14,Gary Ross,Jeff Bridges,Michael Angarano,Michael O'Neill,Drama History Sport,seabiscuit,Jeff Bridges Michael Angarano Michael O'Neill Gary Ross Drama History Sport
15,Jean-Jacques Annaud,Bob Hoskins,Gabriel Thomson,Clemens Schick,Drama History War,enemy at the gates,Bob Hoskins Gabriel Thomson Clemens Schick Jean-Jacques Annaud Drama History War
16,David Fincher,Robert Downey Jr.,Jake Gyllenhaal,Anthony Edwards,Crime Drama History Mystery Thriller,zodiac,Robert Downey Jr. Jake Gyllenhaal Anthony Edwards David Fincher Crime Drama History Mystery Thriller
17,Anthony Minghella,Philip Seymour Hoffman,Natalie Portman,Charlie Hunnam,Adventure Drama History Romance War,cold mountain,Philip Seymour Hoffman Natalie Portman Charlie Hunnam Anthony Minghella Adventure Drama History Romance War
18,Roger Donaldson,Bruce Greenwood,Jon Foster,Bruce Thomas,Drama History Thriller,thirteen days,Bruce Greenwood Jon Foster Bruce Thomas Roger Donaldson Drama History Thriller
19,Paul W.S. Anderson,Sasha Roiz,Currie Graham,Dylan Schombing,Action Adventure Drama History Romance,pompeii,Sasha Roiz Currie Graham Dylan Schombing Paul W.S. Anderson Action Adventure Drama History Romance
20,Mike Nichols,Philip Seymour Hoffman,Tom Hanks,Jud Tylor,Biography Comedy Drama History,charlie wilson's war,Philip Seymour Hoffman Tom Hanks Jud Tylor Mike Nichols Biography Comedy Drama History
21,Steven Spielberg,Ayelet Zurer,Moritz Bleibtreu,Mathieu Amalric,Drama History Thriller,munich,Ayelet Zurer Moritz Bleibtreu Mathieu Amalric Steven Spielberg Drama History Thriller
22,Andy Tennant,Bai Ling,Geoffrey Palmer,Randall Duk Kim,Drama History Romance,anna and the king,Bai Ling Geoffrey Palmer Randall Duk Kim Andy Tennant Drama History Romance
23,Mel Gibson,Mhairi Calvey,Patrick McGoohan,James Robinson,Biography Drama History War,braveheart,Mhairi Calvey Patrick McGoohan James Robinson Mel Gibson Biography Drama History War
24,Randall Wallace,Jon Hamm,Marc Blucas,Chris Klein,Action Drama History War,we were soldiers,Jon Hamm Marc Blucas Chris Klein Randall Wallace Action Drama History War
25,Jean-Jacques Annaud,Brad Pitt,Mako,Victor Wong,Adventure Biography Drama History War,seven years in tibet,Brad Pitt Mako Victor Wong Jean-Jacques Annaud Adventure Biography Drama History War
26,Alejandro AmenÃÂ¡bar,Max Minghella,Ashraf Barhom,Rupert Evans,Adventure Drama History Romance,agora,Max Minghella Ashraf Barhom Rupert Evans Alejandro AmenÃÂ¡bar Adventure Drama History Romance
27,Craig Gillespie,Michael Raymond-James,Abraham Benrubi,Graham McTavish,Action Drama History Thriller,the finest hours,Michael Raymond-James Abraham Benrubi Graham McTavish Craig Gillespie Action Drama History Thriller
28,Steven Spielberg,Joseph Gordon-Levitt,Hal Holbrook,Bruce McGill,Biography Drama History War,lincoln,Joseph Gordon-Levitt Hal Holbrook Bruce McGill Steven Spielberg Biography Drama History War
29,Ron Howard,Tom Hanks,Miko Hughes,Kathleen Quinlan,Adventure Drama History,apollo 13,Tom Hanks Miko Hughes Kathleen Quinlan Ron Howard Adventure Drama History
30,Oliver Stone,Nicolas Cage,Jay Hernandez,Armando Riesco,Drama History Thriller,world trade center,Nicolas Cage Jay Hernandez Armando Riesco Oliver Stone Drama History Thriller
31,Baltasar KormÃÂ¡kur,Michael Kelly,Martin Henderson,Tom Goodman-Hill,Adventure Biography Drama History Sport Thriller,everest,Michael Kelly Martin Henderson Tom Goodman-Hill Baltasar KormÃÂ¡kur Adventure Biography Drama History Sport Thriller
32,Daniel Lee,Si Won Choi,Peng Lin,Sung-jun Yoo,Action Adventure Drama History,dragon blade,Si Won Choi Peng Lin Sung-jun Yoo Daniel Lee Action Adventure Drama History
33,Clint Eastwood,Matt Damon,Morgan Freeman,Leleti Khumalo,Biography Drama History Sport,invictus,Matt Damon Morgan Freeman Leleti Khumalo Clint Eastwood Biography Drama History Sport
34,Tony Bill,James Franco,Tyler Labine,Philip Winchester,Action Adventure Drama History Romance War,flyboys,James Franco Tyler Labine Philip Winchester Tony Bill Action Adventure Drama History Romance War
35,Clint Eastwood,Bradley Cooper,Leonard Roberts,Keir O'Donnell,Action Biography Drama History Thriller War,american sniper,Bradley Cooper Leonard Roberts Keir O'Donnell Clint Eastwood Action Biography Drama History Thriller War
36,Anthony Hemingway,David Oyelowo,Nate Parker,Tristan Mack Wilds,Action Adventure Drama History War,red tails,David Oyelowo Nate Parker Tristan Mack Wilds Anthony Hemingway Action Adventure Drama History War
37,Mike Gabriel,Christian Bale,Frank Welker,Irene Bedard,Adventure Animation Drama Family History Musical Romance,pocahontas,Christian Bale Frank Welker Irene Bedard Mike Gabriel Adventure Animation Drama Family History Musical Romance
38,Alan Parker,Andrea Corr,Jimmy Nail,Peter Polycarpou,Biography Drama History Musical,evita,Andrea Corr Jimmy Nail Peter Polycarpou Alan Parker Biography Drama History Musical
39,Shekhar Kapur,Eddie Redmayne,Abbie Cornish,Jordi MollÃÂ ,Biography Drama History War,elizabeth: the golden age,Eddie Redmayne Abbie Cornish Jordi MollÃÂ  Shekhar Kapur Biography Drama History War
40,Ron Maxwell,Billy Campbell,Bruce Boxleitner,John Castle,Drama History War,gods and generals,Billy Campbell Bruce Boxleitner John Castle Ron Maxwell Drama History War
41,Clint Eastwood,Paul Walker,Chris Bauer,Tom McCarthy,Drama History War,flags of our fathers,Paul Walker Chris Bauer Tom McCarthy Clint Eastwood Drama History War
42,Jonathan Demme,Oprah Winfrey,Kimberly Elise,Hill Harper,Drama History Horror,beloved,Oprah Winfrey Kimberly Elise Hill Harper Jonathan Demme Drama History Horror
43,Kathryn Bigelow,Jennifer Ehle,Harold Perrineau,Parker Sawyers,Drama History Thriller,zero dark thirty,Jennifer Ehle Harold Perrineau Parker Sawyers Kathryn Bigelow Drama History Thriller
44,Gary Ross,Matthew McConaughey,Donald Watkins,Jessica Collins,Action Biography Drama History War,free state of jones,Matthew McConaughey Donald Watkins Jessica Collins Gary Ross Action Biography Drama History War
45,Luc Besson,Paul Brooke,David Bailie,Rab Affleck,Adventure Biography Drama History War,the messenger: the story of joan of arc,Paul Brooke David Bailie Rab Affleck Luc Besson Adventure Biography Drama History War
46,Terence Young,Laurence Olivier,Ben Gazzara,Jacqueline Bisset,Drama History War,inchon,Laurence Olivier Ben Gazzara Jacqueline Bisset Terence Young Drama History War
47,Oliver Stone,Anthony Hopkins,Bob Hoskins,Joan Allen,Biography Drama History,nixon,Anthony Hopkins Bob Hoskins Joan Allen Oliver Stone Biography Drama History
48,Ben Affleck,Clea DuVall,Scoot McNairy,Tate Donovan,Biography Drama History Thriller,argo,Clea DuVall Scoot McNairy Tate Donovan Ben Affleck Biography Drama History Thriller
49,Joseph L. Mankiewicz,Martin Landau,Richard Burton,Roddy McDowall,Biography Drama History Romance,cleopatra,Martin Landau Richard Burton Roddy McDowall Joseph L. Mankiewicz Biography Drama History Romance
50,Oliver Stone,Sally Kirkland,Jay O. Sanders,Cheryl Penland,Drama History Thriller,jfk,Sally Kirkland Jay O. Sanders Cheryl Penland Oliver Stone Drama History Thriller
51,Steven Spielberg,Tom Hanks,Mark Rylance,Amy Ryan,Drama History Thriller,bridge of spies,Tom Hanks Mark Rylance Amy Ryan Steven Spielberg Drama History Thriller
52,Steven Spielberg,Anthony Hopkins,Morgan Freeman,Matthew McConaughey,Drama History,amistad,Anthony Hopkins Morgan Freeman Matthew McConaughey Steven Spielberg Drama History
53,Justin Chadwick,Natalie Portman,Scarlett Johansson,Benedict Cumberbatch,Biography Drama History Romance,the other boleyn girl,Natalie Portman Scarlett Johansson Benedict Cumberbatch Justin Chadwick Biography Drama History Romance
54,Sofia Coppola,Kirsten Dunst,Shirley Henderson,Rip Torn,Biography Drama History Romance,marie antoinette,Kirsten Dunst Shirley Henderson Rip Torn Sofia Coppola Biography Drama History Romance
55,Peter Ho-Sun Chan,Jet Li,Takeshi Kaneshiro,Andy Lau,Action Drama History Romance War,the warlords,Jet Li Takeshi Kaneshiro Andy Lau Peter Ho-Sun Chan Action Drama History Romance War
56,Sergey Bodrov,Jay Hernandez,Kuno Becker,Jason Scott Lee,Drama History War,nomad: the warrior,Jay Hernandez Kuno Becker Jason Scott Lee Sergey Bodrov Drama History War
57,John Woo,Takeshi Kaneshiro,Tony Chiu Wai Leung,Wei Zhao,Action Adventure Drama History War,red cliff,Takeshi Kaneshiro Tony Chiu Wai Leung Wei Zhao John Woo Action Adventure Drama History War
58,David Leland,Hayden Christensen,Ryan Cartwright,David Walliams,Adventure Comedy History Romance,virgin territory,Hayden Christensen Ryan Cartwright David Walliams David Leland Adventure Comedy History Romance
59,Rob Reiner,Alexa PenaVega,Virginia Madsen,Craig T. Nelson,Drama History,ghosts of mississippi,Alexa PenaVega Virginia Madsen Craig T. Nelson Rob Reiner Drama History
60,Wilson Yip,Mike Tyson,Lynn Hung,Kwok-Kwan Chan,Action Biography Drama History,ip man 3,Mike Tyson Lynn Hung Kwok-Kwan Chan Wilson Yip Action Biography Drama History
61,Randall Wallace,Scott Glenn,Kevin Connolly,Dylan Walsh,Biography Drama Family History Sport,secretariat,Scott Glenn Kevin Connolly Dylan Walsh Randall Wallace Biography Drama Family History Sport
62,John Lee Hancock,Tom Hanks,Ruth Wilson,B.J. Novak,Biography Comedy Drama History Music,saving mr. banks,Tom Hanks Ruth Wilson B.J. Novak John Lee Hancock Biography Comedy Drama History Music
63,Spike Lee,Denzel Washington,Delroy Lindo,Al Freeman Jr.,Biography Drama History Romance,malcolm x,Denzel Washington Delroy Lindo Al Freeman Jr. Spike Lee Biography Drama History Romance
64,Jean-Marc VallÃÂ©e,Michiel Huisman,Jim Broadbent,Thomas Kretschmann,Biography Drama History Romance,the young victoria,Michiel Huisman Jim Broadbent Thomas Kretschmann Jean-Marc VallÃÂ©e Biography Drama History Romance
65,Moustapha Akkad,Oliver Reed,Rod Steiger,John Gielgud,Biography Drama History War,lion of the desert,Oliver Reed Rod Steiger John Gielgud Moustapha Akkad Biography Drama History War
66,Justin Chadwick,Terry Pheto,Fana Mokoena,Tony Kgoroge,Biography Drama History,mandela: long walk to freedom,Terry Pheto Fana Mokoena Tony Kgoroge Justin Chadwick Biography Drama History
67,Warren Beatty,Paul Sorvino,Warren Beatty,M. Emmet Walsh,Biography Drama History Romance,reds,Paul Sorvino Warren Beatty M. Emmet Walsh Warren Beatty Biography Drama History Romance
68,Terrence Malick,Christian Bale,Michael Greyeyes,Wes Studi,Biography Drama History Romance,the new world,Christian Bale Michael Greyeyes Wes Studi Terrence Malick Biography Drama History Romance
69,Andrew Dominik,Brad Pitt,Jeremy Renner,Sam Shepard,Biography Crime Drama History Western,the assassination of jesse james by the coward robert ford,Brad Pitt Jeremy Renner Sam Shepard Andrew Dominik Biography Crime Drama History Western
70,Li Zhang,Bingbing Li,Joan Chen,Jaycee Chan,Action Adventure Drama History War,1911,Bingbing Li Joan Chen Jaycee Chan Li Zhang Action Adventure Drama History War
71,Bille August,Terry Pheto,Patrick Lyster,Tyrone Keogh,Biography Drama History,the color of freedom,Terry Pheto Patrick Lyster Tyrone Keogh Bille August Biography Drama History
72,FrÃÂ©dÃÂ©ric Auburtin,Fisher Stevens,Thomas Kretschmann,Jemima West,Drama History Sport,united passions,Fisher Stevens Thomas Kretschmann Jemima West FrÃÂ©dÃÂ©ric Auburtin Drama History Sport
73,Richard Attenborough,Denzel Washington,Kevin McNally,Penelope Wilton,Biography Drama History,cry freedom,Denzel Washington Kevin McNally Penelope Wilton Richard Attenborough Biography Drama History
74,F. Gary Gray,Aldis Hodge,Neil Brown Jr.,R. Marcos Taylor,Biography Crime Drama History Music,straight outta compton,Aldis Hodge Neil Brown Jr. R. Marcos Taylor F. Gary Gray Biography Crime Drama History Music
75,Adam McKay,Ryan Gosling,Christian Bale,Charlie Talbert,Biography Comedy Drama History,the big short,Ryan Gosling Christian Bale Charlie Talbert Adam McKay Biography Comedy Drama History
76,Gavin O'Connor,Eddie Cahill,Noah Emmerich,Kenneth Mitchell,Biography Drama History Sport,miracle,Eddie Cahill Noah Emmerich Kenneth Mitchell Gavin O'Connor Biography Drama History Sport
77,Martin Scorsese,Tenzin Thuthob Tsarong,Tulku Jamyang Kunga Tenzin,Tencho Gyalpo,Biography Drama History War,kundun,Tenzin Thuthob Tsarong Tulku Jamyang Kunga Tenzin Tencho Gyalpo Martin Scorsese Biography Drama History War
78,AgustÃÂ­n DÃÂ­az Yanes,Viggo Mortensen,Elena Anaya,Eduardo Noriega,Adventure Drama History Romance Thriller War,captain alatriste: the spanish musketeer,Viggo Mortensen Elena Anaya Eduardo Noriega AgustÃÂ­n DÃÂ­az Yanes Adventure Drama History Romance Thriller War
79,David Lean,Richard Wilson,Judy Davis,Art Malik,Adventure Drama History,a passage to india,Richard Wilson Judy Davis Art Malik David Lean Adventure Drama History
80,Philip Kaufman,Dennis Quaid,Scott Glenn,Sam Shepard,Adventure Drama History,the right stuff,Dennis Quaid Scott Glenn Sam Shepard Philip Kaufman Adventure Drama History
81,Roland Emmerich,Vanessa Redgrave,Joely Richardson,Rafe Spall,Drama History Thriller,anonymous,Vanessa Redgrave Joely Richardson Rafe Spall Roland Emmerich Drama History Thriller
82,Saul Dibb,Dominic Cooper,Hayley Atwell,Charlotte Rampling,Biography Drama History Romance,the duchess,Dominic Cooper Hayley Atwell Charlotte Rampling Saul Dibb Biography Drama History Romance
83,Richard Linklater,Matthew McConaughey,Lew Temple,Dwight Yoakam,Action Crime Drama History Western,the newton boys,Matthew McConaughey Lew Temple Dwight Yoakam Richard Linklater Action Crime Drama History Western
84,Richard Attenborough,Ryan O'Neal,Dirk Bogarde,Wolfgang Preiss,Drama History War,a bridge too far,Ryan O'Neal Dirk Bogarde Wolfgang Preiss Richard Attenborough Drama History War
85,Oliver Stone,Toby Jones,Scott Glenn,Bruce McGill,Biography Drama History,w.,Toby Jones Scott Glenn Bruce McGill Oliver Stone Biography Drama History
86,Steven Spielberg,Liam Neeson,Embeth Davidtz,Caroline Goodall,Biography Drama History,schindler's list,Liam Neeson Embeth Davidtz Caroline Goodall Steven Spielberg Biography Drama History
87,George P. Cosmatos,Michael Biehn,Dana Delany,Powers Boothe,Action Biography Drama History Romance Western,tombstone,Michael Biehn Dana Delany Powers Boothe George P. Cosmatos Action Biography Drama History Romance Western
88,Bernardo Bertolucci,Cary-Hiroyuki Tagawa,Joan Chen,Victor Wong,Biography Drama History,the last emperor,Cary-Hiroyuki Tagawa Joan Chen Victor Wong Bernardo Bertolucci Biography Drama History
89,Shekhar Kapur,Fanny Ardant,John Gielgud,Eric Cantona,Biography Drama History,elizabeth,Fanny Ardant John Gielgud Eric Cantona Shekhar Kapur Biography Drama History
90,Richard Fleischer,Joseph Cotten,Richard Anderson,James Whitmore,Action Drama History War,tora! tora! tora!,Joseph Cotten Richard Anderson James Whitmore Richard Fleischer Action Drama History War
91,Bill Paxton,Stephen Dillane,Matthew Knight,Amanda Tilson,Drama History Sport,the greatest game ever played,Stephen Dillane Matthew Knight Amanda Tilson Bill Paxton Drama History Sport
92,Brian Helgeland,Tom Hardy,Paul Anderson,Tara Fitzgerald,Biography Crime Drama History Thriller,legend,Tom Hardy Paul Anderson Tara Fitzgerald Brian Helgeland Biography Crime Drama History Thriller
93,Robert Redford,Robin Wright,Tom Wilkinson,Stephen Root,Crime Drama History,the conspirator,Robin Wright Tom Wilkinson Stephen Root Robert Redford Crime Drama History
94,Patricia Riggen,Marco TreviÃÂ±o,James Brolin,Jacob Vargas,Biography Drama History,the 33,Marco TreviÃÂ±o James Brolin Jacob Vargas Patricia Riggen Biography Drama History
95,Ron Maxwell,Tom Berenger,William Morgan Sheppard,James Patrick Stuart,Drama History War,gettysburg,Tom Berenger William Morgan Sheppard James Patrick Stuart Ron Maxwell Drama History War
96,Jonathan English,Jason Flemyng,Mackenzie Crook,Derek Jacobi,Action Adventure History Romance,ironclad,Jason Flemyng Mackenzie Crook Derek Jacobi Jonathan English Action Adventure History Romance
97,Sergey Bondarchuk,Rod Steiger,Dan O'Herlihy,Jack Hawkins,Action Drama History War,waterloo,Rod Steiger Dan O'Herlihy Jack Hawkins Sergey Bondarchuk Action Drama History War
98,Teddy Chan,Bingbing Fan,Simon Yam,Nicholas Tse,Action Drama History,bodyguards and assassins,Bingbing Fan Simon Yam Nicholas Tse Teddy Chan Action Drama History
99,Richard Attenborough,Candice Bergen,Amrish Puri,John Gielgud,Biography Drama History,gandhi,Candice Bergen Amrish Puri John Gielgud Richard Attenborough Biography Drama History
100,Christopher Spencer,Roma Downey,Amber Rose Revah,Darwin Shaw,Biography Drama History,son of god,Roma Downey Amber Rose Revah Darwin Shaw Christopher Spencer Biography Drama History
101,Christian Carion,Gary Lewis,Dany Boon,Ian Richardson,Drama History Music Romance War,joyeux noel,Gary Lewis Dany Boon Ian Richardson Christian Carion Drama History Music Romance War
102,Laurent Tirard,Romain Duris,Ludivine Sagnier,Fabrice Luchini,Comedy History,moliÃÂ¨re,Romain Duris Ludivine Sagnier Fabrice Luchini Laurent Tirard Comedy History
103,Steve McQueen,QuvenzhanÃÂ© Wallis,Scoot McNairy,Taran Killam,Biography Drama History,12 years a slave,QuvenzhanÃÂ© Wallis Scoot McNairy Taran Killam Steve McQueen Biography Drama History
104,Ava DuVernay,David Oyelowo,Tom Wilkinson,Oprah Winfrey,Biography Drama History,selma,David Oyelowo Tom Wilkinson Oprah Winfrey Ava DuVernay Biography Drama History
105,Tom McCarthy,Billy Crudup,Jamey Sheridan,Brian d'Arcy James,Biography Crime Drama History,spotlight,Billy Crudup Jamey Sheridan Brian d'Arcy James Tom McCarthy Biography Crime Drama History
106,Gus Van Sant,James Franco,Denis O'Hare,Lucas Grabeel,Biography Drama History,milk,James Franco Denis O'Hare Lucas Grabeel Gus Van Sant Biography Drama History
107,George Stevens,Martin Landau,Carroll Baker,JosÃÂ© Ferrer,Biography Drama History,the greatest story ever told,Martin Landau Carroll Baker JosÃÂ© Ferrer George Stevens Biography Drama History
108,Michael O. Sajbel,James Callis,Tiffany Dupont,Nimrat Kaur,Biography Drama History,one night with the king,James Callis Tiffany Dupont Nimrat Kaur Michael O. Sajbel Biography Drama History
109,Mike Leigh,Jim Broadbent,Dexter Fletcher,Lesley Manville,Biography Comedy Drama History Music Musical,topsy-turvy,Jim Broadbent Dexter Fletcher Lesley Manville Mike Leigh Biography Comedy Drama History Music Musical
110,Paul Gross,Landon Liboiron,Michael Greyeyes,Caroline Dhavernas,Drama History Romance War,passchendaele,Landon Liboiron Michael Greyeyes Caroline Dhavernas Paul Gross Drama History Romance War
111,David Anspaugh,Gerard Butler,Costas Mandylor,Jimmy Jean-Louis,Drama History Sport,the game of their lives,Gerard Butler Costas Mandylor Jimmy Jean-Louis David Anspaugh Drama History Sport
112,Kevin Reynolds,Esai Morales,Jason Scott Lee,Sandrine Holt,Action Adventure Drama History Romance,rapa nui,Esai Morales Jason Scott Lee Sandrine Holt Kevin Reynolds Action Adventure Drama History Romance
113,Daniel Lee,Andy Lau,Sammo Kam-Bo Hung,Andy On,Action Drama History War,three kingdoms: resurrection of the dragon,Andy Lau Sammo Kam-Bo Hung Andy On Daniel Lee Action Drama History War
114,Gnana Rajasekaran,Mani Bharathi,Michael Lieber,Kevin McGowan,Biography Drama History,ramanujan,Mani Bharathi Michael Lieber Kevin McGowan Gnana Rajasekaran Biography Drama History
115,Roger Donaldson,Liam Neeson,Anthony Hopkins,Laurence Olivier,Action Adventure Drama History Romance,the bounty,Liam Neeson Anthony Hopkins Laurence Olivier Roger Donaldson Action Adventure Drama History Romance
116,Anthony Mann,James Mason,Mel Ferrer,Stephen Boyd,Drama History War,the fall of the roman empire,James Mason Mel Ferrer Stephen Boyd Anthony Mann Drama History War
117,Milos Forman,Jeffrey Jones,F. Murray Abraham,Tom Hulce,Biography Drama History Music,amadeus,Jeffrey Jones F. Murray Abraham Tom Hulce Milos Forman Biography Drama History Music
118,Paul Greengrass,Christian Clemenson,David Alan Basche,Susan Blommaert,Drama History Thriller,united 93,Christian Clemenson David Alan Basche Susan Blommaert Paul Greengrass Drama History Thriller
119,Edward Zwick,Denzel Washington,Morgan Freeman,Matthew Broderick,Drama History War,glory,Denzel Washington Morgan Freeman Matthew Broderick Edward Zwick Drama History War
120,Sergey Bodrov,Tadanobu Asano,Khulan Chuluun,Honglei Sun,Adventure Biography Drama History War,mongol: the rise of genghis khan,Tadanobu Asano Khulan Chuluun Honglei Sun Sergey Bodrov Adventure Biography Drama History War
121,Lance Hool,Tom Berenger,Joaquim de Almeida,Mark Moses,Action Drama History Romance War Western,one man's hero,Tom Berenger Joaquim de Almeida Mark Moses Lance Hool Action Drama History Romance War Western
122,Terry George,Don Cheadle,Sophie Okonedo,Hakeem Kae-Kazim,Drama History War,hotel rwanda,Don Cheadle Sophie Okonedo Hakeem Kae-Kazim Terry George Drama History War
123,Yimou Zhang,Jet Li,Tony Chiu Wai Leung,Maggie Cheung,Action Adventure History,hero,Jet Li Tony Chiu Wai Leung Maggie Cheung Yimou Zhang Action Adventure History
124,Nicholas Ray,Ava Gardner,David Niven,John Ireland,Action Adventure Drama History War,55 days at peking,Ava Gardner David Niven John Ireland Nicholas Ray Action Adventure Drama History War
125,James Ivory,Vanessa Redgrave,Natasha Richardson,Lynn Redgrave,Drama History Romance War,the white countess,Vanessa Redgrave Natasha Richardson Lynn Redgrave James Ivory Drama History Romance War
126,Tom Hooper,Colin Firth,Jennifer Ehle,Derek Jacobi,Biography Drama History Romance,the king's speech,Colin Firth Jennifer Ehle Derek Jacobi Tom Hooper Biography Drama History Romance
127,David Lean,Claude Rains,JosÃÂ© Ferrer,Jack Hawkins,Adventure Biography Drama History War,lawrence of arabia,Claude Rains JosÃÂ© Ferrer Jack Hawkins David Lean Adventure Biography Drama History War
128,Kathryn Bigelow,Jeremy Renner,Christian Camargo,Brian Geraghty,Drama History Thriller War,the hurt locker,Jeremy Renner Christian Camargo Brian Geraghty Kathryn Bigelow Drama History Thriller War
129,Michael Winterbottom,Angelina Jolie Pitt,Archie Panjabi,Dan Futterman,Biography Drama History Thriller War,a mighty heart,Angelina Jolie Pitt Archie Panjabi Dan Futterman Michael Winterbottom Biography Drama History Thriller War
130,unknown,Anna Silk,Tom Hollander,Alessandro Nivola,Drama History Thriller,the companyÃÂ            ,Anna Silk Tom Hollander Alessandro Nivola unknown Drama History Thriller
131,Neil Marshall,Michael Fassbender,JJ Feild,Dave Legeno,Action Adventure Drama History Thriller War,centurion,Michael Fassbender JJ Feild Dave Legeno Neil Marshall Action Adventure Drama History Thriller War
132,Darrell Roodt,Jennifer Hudson,Wendy Crewson,Aubrey Poo,Biography Drama History,winnie mandela,Jennifer Hudson Wendy Crewson Aubrey Poo Darrell Roodt Biography Drama History
133,Juraj Jakubisko,Anna Friel,Hans Matheson,Franco Nero,Biography Drama Fantasy History,bathory: countess of blood,Anna Friel Hans Matheson Franco Nero Juraj Jakubisko Biography Drama Fantasy History
134,Phyllida Lloyd,Meryl Streep,Jim Broadbent,Olivia Colman,Biography Drama History,the iron lady,Meryl Streep Jim Broadbent Olivia Colman Phyllida Lloyd Biography Drama History
135,Emilio Estevez,Anthony Hopkins,Nick Cannon,Brian Geraghty,Drama History,bobby,Anthony Hopkins Nick Cannon Brian Geraghty Emilio Estevez Drama History
136,Phillip Noyce,Derek Luke,Terry Pheto,Bonnie Henna,Biography Drama History,catch a fire,Derek Luke Terry Pheto Bonnie Henna Phillip Noyce Biography Drama History
137,James Ivory,Seth Gilliam,Todd Boyce,Nigel Whitmey,Biography Drama History Romance,jefferson in paris,Seth Gilliam Todd Boyce Nigel Whitmey James Ivory Biography Drama History Romance
138,James Fargo,Christopher Lee,Joseph Cotten,Behrouz Vossoughi,Action Adventure History,caravans,Christopher Lee Joseph Cotten Behrouz Vossoughi James Fargo Action Adventure History
139,Mike Leigh,Lesley Manville,Ruth Sheen,Karl Johnson,Biography Drama History,mr. turner,Lesley Manville Ruth Sheen Karl Johnson Mike Leigh Biography Drama History
140,Oliver Hirschbiegel,Thomas Kretschmann,Bruno Ganz,Alexandra Maria Lara,Biography Drama History War,downfall,Thomas Kretschmann Bruno Ganz Alexandra Maria Lara Oliver Hirschbiegel Biography Drama History War
141,Clint Eastwood,Yuki Matsuzaki,Kazunari Ninomiya,ShidÃÂ´ Nakamura,Drama History War,letters from iwo jima,Yuki Matsuzaki Kazunari Ninomiya ShidÃÂ´ Nakamura Clint Eastwood Drama History War
142,John H. Lee,Liam Neeson,Dean Dawson,Jung-jae Lee,Action Drama History War,operation chromite,Liam Neeson Dean Dawson Jung-jae Lee John H. Lee Action Drama History War
143,Jean-Jacques Annaud,Rae Dawn Chong,Everett McGill,Gary Schwartz,Adventure Drama History,quest for fire,Rae Dawn Chong Everett McGill Gary Schwartz Jean-Jacques Annaud Adventure Drama History
144,unknown,Peter Mensah,Kelvin Taylor,Viva Bianca,Action Adventure Biography Drama History,spartacus: war of the damnedÃÂ            ,Peter Mensah Kelvin Taylor Viva Bianca unknown Action Adventure Biography Drama History
145,John Lee Hancock,Dennis Quaid,Marc Blucas,Jordi MollÃÂ ,Drama History War Western,the alamo,Dennis Quaid Marc Blucas Jordi MollÃÂ  John Lee Hancock Drama History War Western
146,Chuan Lu,Ye Liu,Yuanyuan Gao,Ryu Kohata,Drama History War,city of life and death,Ye Liu Yuanyuan Gao Ryu Kohata Chuan Lu Drama History War
147,Stanley Kubrick,Ryan O'Neal,Steven Berkoff,Hardy KrÃÂ¼ger,Adventure Drama History War,barry lyndon,Ryan O'Neal Steven Berkoff Hardy KrÃÂ¼ger Stanley Kubrick Adventure Drama History War
148,Simon Curtis,Ryan Reynolds,Frances Fisher,Elizabeth McGovern,Biography Drama History,woman in gold,Ryan Reynolds Frances Fisher Elizabeth McGovern Simon Curtis Biography Drama History
149,Philip Saville,Henry Ian Cusick,Alan Van Sprang,Scott Handy,Biography Drama History,the visual bible: the gospel of john,Henry Ian Cusick Alan Van Sprang Scott Handy Philip Saville Biography Drama History
150,Martin Ritt,Frank Finlay,Anthony Zerbe,Samantha Eggar,Drama History,the molly maguires,Frank Finlay Anthony Zerbe Samantha Eggar Martin Ritt Drama History
151,Christopher Cain,Jon Gries,Taylor Handley,Trent Ford,Drama History Romance Western,september dawn,Jon Gries Taylor Handley Trent Ford Christopher Cain Drama History Romance Western
152,Dean Wright,Santiago Cabrera,Eduardo VerÃÂ¡stegui,Catalina Sandino Moreno,Drama History War,for greater glory: the true story of cristiada,Santiago Cabrera Eduardo VerÃÂ¡stegui Catalina Sandino Moreno Dean Wright Drama History War
153,Ken Annakin,Richard Burton,Richard Beymer,Eddie Albert,Action Drama History War,the longest day,Richard Burton Richard Beymer Eddie Albert Ken Annakin Action Drama History War
154,Rafa Lara,Jorge Luis Moreno,AndrÃÂ©s Montiel,William Miller,Drama History War,"cinco de mayo, la batalla",Jorge Luis Moreno AndrÃÂ©s Montiel William Miller Rafa Lara Drama History War
155,Kenneth Branagh,Brian Blessed,Derek Jacobi,Danny Webb,Action Biography Drama History Romance War,henry v,Brian Blessed Derek Jacobi Danny Webb Kenneth Branagh Action Biography Drama History Romance War
156,Chatrichalerm Yukol,Sarunyu Wongkrachang,Chatchai Plengpanich,Mai Charoenpura,Action Adventure Drama History War,the legend of suriyothai,Sarunyu Wongkrachang Chatchai Plengpanich Mai Charoenpura Chatrichalerm Yukol Action Adventure Drama History War
157,Ole Christian Madsen,Lars Mikkelsen,Thure Lindhardt,Christian Berkel,Drama History Thriller War,flame and citron,Lars Mikkelsen Thure Lindhardt Christian Berkel Ole Christian Madsen Drama History Thriller War
158,Jeremy Sims,Harrison Gilbertson,Gyton Grantley,Steve Le Marquand,Drama History War,beneath hill 60,Harrison Gilbertson Gyton Grantley Steve Le Marquand Jeremy Sims Drama History War
159,Mervyn LeRoy,Peter Ustinov,Deborah Kerr,Robert Taylor,Biography Drama History Romance,quo vadis,Peter Ustinov Deborah Kerr Robert Taylor Mervyn LeRoy Biography Drama History Romance
160,Nigel Cole,Bob Hoskins,Robbie Kay,Sally Hawkins,Biography Comedy Drama History,made in dagenham,Bob Hoskins Robbie Kay Sally Hawkins Nigel Cole Biography Comedy Drama History
161,George Clooney,Robert Downey Jr.,Tate Donovan,Alex Borstein,Biography Drama History,"good night, and good luck.",Robert Downey Jr. Tate Donovan Alex Borstein George Clooney Biography Drama History
162,Phillip Noyce,Roy Billing,David Gulpilil,Deborah Mailman,Adventure Biography Drama History,rabbit-proof fence,Roy Billing David Gulpilil Deborah Mailman Phillip Noyce Adventure Biography Drama History
163,unknown,Jim Broadbent,Tuppence Middleton,Lily James,Drama History Romance War,war & peaceÃÂ            ,Jim Broadbent Tuppence Middleton Lily James unknown Drama History Romance War
164,Kevin Macdonald,David Oyelowo,Simon McBurney,Abby Mukiibi Nkaaga,Biography Drama History Thriller,the last king of scotland,David Oyelowo Simon McBurney Abby Mukiibi Nkaaga Kevin Macdonald Biography Drama History Thriller
165,Billy Ray,Hayden Christensen,Rosario Dawson,Cas Anvar,Drama History,shattered glass,Hayden Christensen Rosario Dawson Cas Anvar Billy Ray Drama History
166,Wayne Wang,Bingbing Li,Russell Wong,Ji-hyun Jun,Drama History,snow flower and the secret fan,Bingbing Li Russell Wong Ji-hyun Jun Wayne Wang Drama History
167,Martin Koolhoven,Yorick van Wageningen,Tygo Gernandt,Martijn Lakemeier,Drama History War,winter in wartime,Yorick van Wageningen Tygo Gernandt Martijn Lakemeier Martin Koolhoven Drama History War
168,Rakeysh Omprakash Mehra,Anupam Kher,Steven Mackintosh,Madhavan,Comedy Drama History Romance,rang de basanti,Anupam Kher Steven Mackintosh Madhavan Rakeysh Omprakash Mehra Comedy Drama History Romance
169,Henry Koster,Richard Burton,Jean Simmons,Victor Mature,Drama History,the robe,Richard Burton Jean Simmons Victor Mature Henry Koster Drama History
170,Michael Curtiz,Gene Tierney,Peter Ustinov,Jean Simmons,Drama History,the egyptian,Gene Tierney Peter Ustinov Jean Simmons Michael Curtiz Drama History
171,King Vidor,Gina Lollobrigida,George Sanders,Finlay Currie,Drama History Romance War,solomon and sheba,Gina Lollobrigida George Sanders Finlay Currie King Vidor Drama History Romance War
172,Feroz Abbas Khan,Akshaye Khanna,Bhoomika Chawla,Darshan Jariwala,Biography Drama History,"gandhi, my father",Akshaye Khanna Bhoomika Chawla Darshan Jariwala Feroz Abbas Khan Biography Drama History
173,Oliver Stone,Jim Belushi,John Savage,Juan FernÃÂ¡ndez,Drama History Thriller War,salvador,Jim Belushi John Savage Juan FernÃÂ¡ndez Oliver Stone Drama History Thriller War
174,Raja Menon,Nimrat Kaur,Sameer Ali Khan,Purab Kohli,Action Drama History Thriller War,airlift,Nimrat Kaur Sameer Ali Khan Purab Kohli Raja Menon Action Drama History Thriller War
175,John Sturges,James Coburn,Donald Pleasence,Gordon Jackson,Adventure Drama History Thriller War,the great escape,James Coburn Donald Pleasence Gordon Jackson John Sturges Adventure Drama History Thriller War
176,Peter H. Hunt,Blythe Danner,Ken Howard,Howard Caine,Drama Family History Musical,1776,Blythe Danner Ken Howard Howard Caine Peter H. Hunt Drama Family History Musical
177,Timur Bekmambetov,Morgan Freeman,Ayelet Zurer,Moises Arias,Adventure Drama History,ben-hur,Morgan Freeman Ayelet Zurer Moises Arias Timur Bekmambetov Adventure Drama History
178,Fred Zinnemann,Robert Shaw,Susannah York,Paul Scofield,Biography Drama History,a man for all seasons,Robert Shaw Susannah York Paul Scofield Fred Zinnemann Biography Drama History
179,Victor Fleming,Hattie McDaniel,George Reeves,Thomas Mitchell,Drama History Romance War,gone with the wind,Hattie McDaniel George Reeves Thomas Mitchell Victor Fleming Drama History Romance War
180,Richard Brooks,John Forsythe,Robert Blake,Will Geer,Biography Crime Drama History,in cold blood,John Forsythe Robert Blake Will Geer Richard Brooks Biography Crime Drama History
181,Salvador Carrasco,Elpidia Carrillo,Zaide Silvia GutiÃÂ©rrez,DamiÃÂ¡n Delgado,Drama History,la otra conquista,Elpidia Carrillo Zaide Silvia GutiÃÂ©rrez DamiÃÂ¡n Delgado Salvador Carrasco Drama History
182,Mira Nair,Indira Varma,Sarita Choudhury,Rekha,Crime Drama History Romance,kama sutra: a tale of love,Indira Varma Sarita Choudhury Rekha Mira Nair Crime Drama History Romance
183,Kate Connor,Johnny Pacar,Eric Stoltz,Brendan Fehr,Drama History War,fort mccoy,Johnny Pacar Eric Stoltz Brendan Fehr Kate Connor Drama History War
184,Stacy Peralta,Gerry Lopez,Gabrielle Reece,Laird John Hamilton,Documentary History Sport,riding giants,Gerry Lopez Gabrielle Reece Laird John Hamilton Stacy Peralta Documentary History Sport
185,Spike Lee,Bernie Mac,Harry Lennix,Andre Braugher,Drama History,get on the bus,Bernie Mac Harry Lennix Andre Braugher Spike Lee Drama History
186,Ari Folman,Ari Folman,Ronny Dayag,Zahava Solomon,Animation Biography Documentary Drama History War,waltz with bashir,Ari Folman Ronny Dayag Zahava Solomon Ari Folman Animation Biography Documentary Drama History War
187,David Sington,John F. Kennedy,Buzz Aldrin,Neil Armstrong,Documentary History,in the shadow of the moon,John F. Kennedy Buzz Aldrin Neil Armstrong David Sington Documentary History
188,Fenton Bailey,Hugh M. Hefner,Bill Maher,Linda Lovelace,Biography Documentary History,inside deep throat,Hugh M. Hefner Bill Maher Linda Lovelace Fenton Bailey Biography Documentary History
189,Tanner Beard,William McNamara,Kevin Alejandro,Glenn Morshower,Action Adventure History Western,the legend of hell's gate: an american conspiracy,William McNamara Kevin Alejandro Glenn Morshower Tanner Beard Action Adventure History Western
190,Jehane Noujaim,Khalid Abdalla,Ahmed Hassan,Aida Elkashef,Documentary Drama History News,the square,Khalid Abdalla Ahmed Hassan Aida Elkashef Jehane Noujaim Documentary Drama History News
191,James Marsh,Paul McGill,Philippe Petit,Jean-Louis Blondeau,Biography Crime Documentary History Thriller,man on wire,Paul McGill Philippe Petit Jean-Louis Blondeau James Marsh Biography Crime Documentary History Thriller
192,Sadyk Sher-Niyaz,Elina Abai Kyzy,Aziz Muradillayev,Mirlan Abdulayev,Action Biography Drama History,queen of the mountains,Elina Abai Kyzy Aziz Muradillayev Mirlan Abdulayev Sadyk Sher-Niyaz Action Biography Drama History
193,Tony Richardson,Albert Finney,Susannah York,Hugh Griffith,Adventure Comedy History,tom jones,Albert Finney Susannah York Hugh Griffith Tony Richardson Adventure Comedy History
194,Joshua Oppenheimer,Anwar Congo,Herman Koto,Syamsul Arifin,Biography Crime Documentary History,the act of killing,Anwar Congo Herman Koto Syamsul Arifin Joshua Oppenheimer Biography Crime Documentary History
195,Michael Wadleigh,Joe Cocker,Jimi Hendrix,Joan Baez,Documentary History Music,woodstock,Joe Cocker Jimi Hendrix Joan Baez Michael Wadleigh Documentary History Music
196,Patrick Gilles,Emma Caulfield,Dylan Baker,Mike Colter,History,america is still the place,Emma Caulfield Dylan Baker Mike Colter Patrick Gilles History
197,Paul Greengrass,James Nesbitt,Nicholas Farrell,Tim Pigott-Smith,Drama History War,bloody sunday,James Nesbitt Nicholas Farrell Tim Pigott-Smith Paul Greengrass Drama History War
198,D.W. Griffith,Lillian Gish,Mae Marsh,Walter Long,Drama History War,intolerance: love's struggle throughout the ages,Lillian Gish Mae Marsh Walter Long D.W. Griffith Drama History War
199,Mor Loushy,Amos Oz,unknown,unknown,Documentary History,censored voices,Amos Oz unknown unknown Mor Loushy Documentary History
200,Lowell Sherman,Mae West,Gilbert Roland,Louise Beavers,Comedy Drama History Musical Romance,she done him wrong,Mae West Gilbert Roland Louise Beavers Lowell Sherman Comedy Drama History Musical Romance
201,Justin Dillon,Matisyahu,Natasha Bedingfield,Madeleine Albright,Documentary History Music,call + response,Matisyahu Natasha Bedingfield Madeleine Albright Justin Dillon Documentary History Music
202,Terry George,Oscar Isaac,Charlotte Le Bon,Christian Bale,History Romance Drama,the promise,Oscar Isaac Charlotte Le Bon Christian Bale Terry George History Romance Drama
203,Vishal Bhardwaj,Saif Ali Khan,Shahid Kapoor,Kangana Ranaut,War History Drama Romance,rangoon,Saif Ali Khan Shahid Kapoor Kangana Ranaut Vishal Bhardwaj War History Drama Romance
204,George Mendeluk,Max Irons,Samantha Barks,Terence Stamp,War Drama History Romance,bitter harvest,Max Irons Samantha Barks Terence Stamp George Mendeluk War Drama History Romance
205,Gurinder Chadha,Hugh Bonneville,Gillian Anderson,Michael Gambon,Drama History,viceroy's house,Hugh Bonneville Gillian Anderson Michael Gambon Gurinder Chadha Drama History
206,Niki Caro,Jessica Chastain,Johan Heldenbergh,Daniel BrÃ¼hl,Drama History,the zookeeper's wife,Jessica Chastain Johan Heldenbergh Daniel BrÃ¼hl Niki Caro Drama History
207,Dmitriy Kiselev,Evgeny Mironov,Konstantin Khabenskiy,Vladimir Ilin,Adventure Drama History,the spacewalker,Evgeny Mironov Konstantin Khabenskiy Vladimir Ilin Dmitriy Kiselev Adventure Drama History
208,Aisling Walsh,Sally Hawkins,Ethan Hawke,Gabrielle Rose,Drama History Romance,maudie,Sally Hawkins Ethan Hawke Gabrielle Rose Aisling Walsh Drama History Romance
209,S.S. Rajamouli,Prabhas,Rana Daggubati,Sathyaraj,Action Adventure History War,baahubali 2: the conclusion,Prabhas Rana Daggubati Sathyaraj S.S. Rajamouli Action Adventure History War
210,Barry Levinson,Robert De Niro,Michelle Pfeiffer,Hank Azaria,Crime Drama History TV Movie,the wizard of lies,Robert De Niro Michelle Pfeiffer Hank Azaria Barry Levinson Crime Drama History TV Movie
211,GÃ¡bor Herendi,Ervin Nagy,Petrik Andrea,Tibor GÃ¡spÃ¡r,Romance Adventure Drama History,kincsem,Ervin Nagy Petrik Andrea Tibor GÃ¡spÃ¡r GÃ¡bor Herendi Romance Adventure Drama History
212,Gordon Chan,Vincent Zhao,Sammo Hung,Regina Wan,Action History,god of war,Vincent Zhao Sammo Hung Regina Wan Gordon Chan Action History
213,Christopher Nolan,Fionn Whitehead,Tom Glynn-Carney,Jack Lowden,Action Drama History Thriller War,dunkirk,Fionn Whitehead Tom Glynn-Carney Jack Lowden Christopher Nolan Action Drama History Thriller War
214,Kabir Khan,Salman Khan,Zhu Zhu,Sohail Khan,Drama History War,tubelight,Salman Khan Zhu Zhu Sohail Khan Kabir Khan Drama History War
215,Mohammad Hossein Mahdavian,Mehrdad Sedighian,Babak Hamidian,Javad Ezati,Action Crime History,midday event,Mehrdad Sedighian Babak Hamidian Javad Ezati Mohammad Hossein Mahdavian Action Crime History
216,Kathryn Bigelow,John Boyega,Will Poulter,Algee Smith,Thriller Crime Drama History,detroit,John Boyega Will Poulter Algee Smith Kathryn Bigelow Thriller Crime Drama History
217,Stanley Tucci,Geoffrey Rush,Armie Hammer,ClÃ©mence PoÃ©sy,History,final portrait,Geoffrey Rush Armie Hammer ClÃ©mence PoÃ©sy Stanley Tucci History
218,John Curran,Jason Clarke,Kate Mara,Ed Helms,History,chappaquiddick,Jason Clarke Kate Mara Ed Helms John Curran History
219,Rob Reiner,Woody Harrelson,James Marsden,Rob Reiner,History,shock and awe,Woody Harrelson James Marsden Rob Reiner Rob Reiner History
220,Damien Chazelle,Ryan Gosling,Claire Foy,Jason Clarke,History,first man,Ryan Gosling Claire Foy Jason Clarke Damien Chazelle History
221,Farhad Safinia,Mel Gibson,Eddie Marsan,Natalie Dormer,History,the professor and the madman,Mel Gibson  Sean Penn Eddie Marsan Farhad Safinia History
222,Gavin O'Connor,Ben Affleck,Al Madrigal,Michaela Watkins,Drama Adventure History,the way back,Ben Affleck Al Madrigal Michaela Watkins Gavin O'Connor Drama Adventure History
223,Liz Garbus,Amy Ryan,Thomasin McKenzie,Lola Kirke,Drama Mystery Thriller History,lost girls,Amy Ryan Thomasin McKenzie Lola Kirke Liz Garbus Drama Mystery Thriller History
224,Jonathan Jakubowicz,Jesse Eisenberg,Ed Harris,ClÃ©mence PoÃ©sy,War History Drama,resistance,Jesse Eisenberg Ed Harris ClÃ©mence PoÃ©sy Jonathan Jakubowicz War History Drama
225,Cory Finley,Hugh Jackman,Allison Janney,Geraldine Viswanathan,Drama Crime History,bad education,Hugh Jackman Allison Janney Geraldine Viswanathan Cory Finley Drama Crime History
226,Josephine Decker,Elisabeth Moss,Michael Stuhlbarg,Odessa Young,History Drama,shirley,Elisabeth Moss Michael Stuhlbarg Odessa Young Josephine Decker History Drama
227,Olivier Assayas,PenÃ©lope Cruz,Edgar RamÃ­rez,Gael GarcÃ­a Bernal,Drama History Thriller,wasp network,PenÃ©lope Cruz Edgar RamÃ­rez Gael GarcÃ­a Bernal Olivier Assayas Drama History Thriller
228,Thomas Kail,Lin-Manuel Miranda,Phillipa Soo,Leslie Odom Jr.,History Drama,hamilton,Lin-Manuel Miranda Phillipa Soo Leslie Odom Jr. Thomas Kail History Drama
229,Ciro Guerra,Mark Rylance,Johnny Depp,Robert Pattinson,Drama History,waiting for the barbarians,Mark Rylance Johnny Depp Robert Pattinson Ciro Guerra Drama History
230,Michael Almereyda,Ethan Hawke,Eve Hewson,Ebon Moss-Bachrach,History Drama,tesla,Ethan Hawke Eve Hewson Ebon Moss-Bachrach Michael Almereyda History Drama
231,Yuval Adler,Noomi Rapace,Joel Kinnaman,Chris Messina,Thriller History Drama,the secrets we keep,Noomi Rapace Joel Kinnaman Chris Messina Yuval Adler Thriller History Drama
232,Aaron Sorkin,Yahya Abdul-Mateen II,Sacha Baron Cohen,Danny Flaherty,Drama History,the trial of the chicago 7,Yahya Abdul-Mateen II Sacha Baron Cohen Danny Flaherty Aaron Sorkin Drama History
233,David Fincher,Gary Oldman,Amanda Seyfried,Lily Collins,Drama History,mank,Gary Oldman Amanda Seyfried Lily Collins David Fincher Drama History
234,Reginald Hudlin,Jay Reeves,Thaddeus J. Mixson,Corinne Foxx,Family Drama History,safety,Jay Reeves Thaddeus J. Mixson Corinne Foxx Reginald Hudlin Family Drama History
235,Simon Stone,Carey Mulligan,Ralph Fiennes,Lily James,Drama History,the dig,Carey Mulligan Ralph Fiennes Lily James Simon Stone Drama History
236,Barry Alexander Brown,Lucas Till,Lucy Hale,Cedric the Entertainer,History Drama,son of the south,Lucas Till Lucy Hale Cedric the Entertainer Barry Alexander Brown History Drama
237,Shaka King,Daniel Kaluuya,Lakeith Stanfield,Jesse Plemons,Drama History,judas and the black messiah,Daniel Kaluuya Lakeith Stanfield Jesse Plemons Shaka King Drama History
238,Lee Daniels,Andra Day,Trevante Rhodes,Garrett Hedlund,Music Drama History,the united states vs. billie holiday,Andra Day Trevante Rhodes Garrett Hedlund Lee Daniels Music Drama History
239,Dominic Cooke,Benedict Cumberbatch,Merab Ninidze,Rachel Brosnahan,Thriller History Drama,the courier,Benedict Cumberbatch Merab Ninidze Rachel Brosnahan Dominic Cooke Thriller History Drama
240,Ty Roberts,Luke Wilson,Vinessa Shaw,Wayne Knight,History Drama Action,12 mighty orphans,Luke Wilson Vinessa Shaw Wayne Knight Ty Roberts History Drama Action
241,Questlove,Dorinda Drake,Barbara Bland-Acosta,Darryl Lewis,Music Documentary History,summer of soul,Dorinda Drake Barbara Bland-Acosta Darryl Lewis Questlove Music Documentary History
242,Liesl Tommy,Jennifer Hudson,Forest Whitaker,Marlon Wayans,Drama Music History,respect,Jennifer Hudson Forest Whitaker Marlon Wayans Liesl Tommy Drama Music History
243,Amber Sealey,Elijah Wood,Luke Kirby,Aleksa Palladino,Crime Drama Thriller History,no man of god,Elijah Wood Luke Kirby Aleksa Palladino Amber Sealey Crime Drama Thriller History
244,Sara Colangelo,Michael Keaton,Stanley Tucci,Amy Ryan,History Drama,worth,Michael Keaton Stanley Tucci Amy Ryan Sara Colangelo History Drama
245,Michael Showalter,Jessica Chastain,Andrew Garfield,Cherry Jones,Drama History,the eyes of tammy faye,Jessica Chastain Andrew Garfield Cherry Jones Michael Showalter Drama History
246,Ridley Scott,Matt Damon,Adam Driver,Jodie Comer,History Drama Action,the last duel,Matt Damon Adam Driver Jodie Comer Ridley Scott History Drama Action
247,Will Sharpe,Benedict Cumberbatch,Claire Foy,Andrea Riseborough,Drama History Comedy,the electrical life of louis wain,Benedict Cumberbatch Claire Foy Andrea Riseborough Will Sharpe Drama History Comedy
248,Pablo LarraÃ­n,Kristen Stewart,Timothy Spall,Jack Farthing,Drama History,spencer,Kristen Stewart Timothy Spall Jack Farthing Pablo LarraÃ­n Drama History
249,Reinaldo Marcus Green,Will Smith,Aunjanue Ellis,Saniyya Sidney,Drama History,king richard,Will Smith Aunjanue Ellis Saniyya Sidney Reinaldo Marcus Green Drama History
250,Ridley Scott,Lady Gaga,Adam Driver,Jared Leto,History Drama Crime,house of gucci,Lady Gaga Adam Driver Jared Leto Ridley Scott History Drama Crime
251,Aaron Sorkin,Nicole Kidman,Javier Bardem,J. K. Simmons,Drama History,being the ricardos,Nicole Kidman Javier Bardem J. K. Simmons Aaron Sorkin Drama History
252,Barry Levinson,Ben Foster,Vicky Krieps,Billy Magnussen,History Action Drama TV Movie,the survivor,Ben Foster Vicky Krieps Billy Magnussen Barry Levinson History Action Drama TV Movie
253,John Madden,Colin Firth,Matthew Macfadyen,Kelly Macdonald,War History Drama,operation mincemeat,Colin Firth Matthew Macfadyen Kelly Macdonald John Madden War History Drama
254,Simon Curtis,Hugh Bonneville,Jim Carter,Michelle Dockery,Drama Romance History Mystery,downton abbey: a new era,Hugh Bonneville Jim Carter Michelle Dockery Simon Curtis Drama Romance History Mystery
255,Terence Davies,Jack Lowden,Peter Capaldi,Simon Russell Beale,Drama History War,benediction,Jack Lowden Peter Capaldi Simon Russell Beale Terence Davies Drama History War
256,Baz Luhrmann,Austin Butler,Tom Hanks,Olivia DeJonge,Drama Music History,elvis,Austin Butler Tom Hanks Olivia DeJonge Baz Luhrmann Drama Music History
257,Gina Prince-Bythewood,Viola Davis,Thuso Mbedu,Lashana Lynch,Action Drama History,the woman king,Viola Davis Thuso Mbedu Lashana Lynch Gina Prince-Bythewood Action Drama History
258,Chinonye Chukwu,Danielle Deadwyler,Jalyn Hall,Frankie Faison,Drama History,till,Danielle Deadwyler Jalyn Hall Frankie Faison Chinonye Chukwu Drama History
259,Phyllis Nagy,Elizabeth Banks,Sigourney Weaver,Chris Messina,Drama History,call jane,Elizabeth Banks Sigourney Weaver Chris Messina Phyllis Nagy Drama History
260,Maria Schrader,Carey Mulligan,Zoe Kazan,Patricia Clarkson,Drama History,she said,Carey Mulligan Zoe Kazan Patricia Clarkson Maria Schrader Drama History
261,Robert Moresco,Frank Grillo,Romano Reggiani,Matteo Leoni,Drama History,lamborghini: the man behind the legend,Frank Grillo Romano Reggiani Matteo Leoni Robert Moresco Drama History
262,Antoine Fuqua,Will Smith,Ben Foster,Charmaine Bingwa,Drama War History,emancipation,Will Smith Ben Foster Charmaine Bingwa Antoine Fuqua Drama War History
263,Kasi Lemmons,Naomi Ackie,Stanley Tucci,Ashton Sanders,Music History Drama,whitney houston: i wanna dance with somebody,Naomi Ackie Stanley Tucci Ashton Sanders Kasi Lemmons Music History Drama
264,Brett Smith,Gerran Howell,RJ Cyler,Ewen Bremner,Drama History War,freedom's path,Gerran Howell RJ Cyler Ewen Bremner Brett Smith Drama History War
265,"Jon Erwin, Brent McCorkle",Joel Courtney,Anna Grace Barlow,Jonathan Roumie,Drama History,jesus revolution,"Joel Courtney Anna Grace Barlow Jonathan Roumie Jon Erwin, Brent McCorkle Drama History"
266,Jeffrey A. Smith,Max Ehrich,Katelyn Nacon,J. Alphonse Nicholson,History Drama Music,southern gospel,Max Ehrich Katelyn Nacon J. Alphonse Nicholson Jeffrey A. Smith History Drama Music
267,"Austin Bragg, Meredith Bragg",Mike Faist,Crystal Reed,Dennis Boutsikaris,Comedy Drama History Romance,pinball: the man who saved the game,Mike Faist Crystal Reed Dennis Boutsikaris Austin Bragg Meredith Bragg Comedy Drama History Romance
268,Jon S. Baird,Taron Egerton,Nikita Efremov,Sofia Lebedeva,Thriller History Drama,tetris,Taron Egerton Nikita Efremov Sofia Lebedeva Jon S. Baird Thriller History Drama
269,Stephen Williams,Kelvin Harrison Jr.,Samara Weaving,Lucy Boynton,Music Drama History,chevalier,Kelvin Harrison Jr. Samara Weaving Lucy Boynton Stephen Williams Music Drama History
270,George Tillman Jr.,Khris Davis,Jasmine Mathews,John Magaro,History Drama,big george foreman,Khris Davis Jasmine Mathews John Magaro George Tillman Jr. History Drama
271,Chris Robinson,Mookie Cook,Caleb McLaughlin,Algee Smith,Drama History,shooting stars,Mookie Cook Caleb McLaughlin Algee Smith Chris Robinson Drama History
272,Mary Harron,Ben Kingsley,Barbara Sukowa,Christopher Briney,Drama History,dalÃÂ­land,Ben Kingsley Barbara Sukowa Christopher Briney Mary Harron Drama History
273,Christopher Nolan,Cillian Murphy,Emily Blunt,Matt Damon,Drama History,oppenheimer,Cillian Murphy Emily Blunt Matt Damon Christopher Nolan Drama History
274,Guy Nattiv,Helen Mirren,Camille Cottin,Liev Schreiber,Drama History War,golda,Helen Mirren Camille Cottin Liev Schreiber Guy Nattiv Drama History War
275,Jeff Celentano,Colin Ford,Dennis Quaid,Joelle Carter,History Drama,the hill,Colin Ford Dennis Quaid Joelle Carter Jeff Celentano History Drama
276,Craig Gillespie,Paul Dano,Pete Davidson,Vincent D'Onofrio,History Comedy Drama,dumb money,Paul Dano Pete Davidson Vincent D'Onofrio Craig Gillespie History Comedy Drama
277,Alejandra MÃ¡rquez Abella,Michael PeÃ±a,Rosa Salazar,Sarayu Blue,Drama History,a million miles away,Michael PeÃ±a Rosa Salazar Sarayu Blue Alejandra MÃ¡rquez Abella Drama History
278,Jim Capobianco,Stephen Fry,Marion Cotillard,Daisy Ridley,Animation Drama Family History,the inventor,Stephen Fry Marion Cotillard Daisy Ridley Jim Capobianco Animation Drama Family History
279,Michelle Danner,Abigail Breslin,Luke Wilson,Donald Sutherland,Drama History,miranda's victim,Abigail Breslin Luke Wilson Donald Sutherland Michelle Danner Drama History
280,Martin Scorsese,Leonardo DiCaprio,Robert De Niro,Lily Gladstone,Crime History Drama,killers of the flower moon,Leonardo DiCaprio Robert De Niro Lily Gladstone Martin Scorsese Crime History Drama
281,"Elizabeth Chai Vasarhelyi, Jimmy Chin",Annette Bening,Jodie Foster,Rhys Ifans,Drama History,nyad,"Annette Bening Jodie Foster Rhys Ifans Elizabeth Chai Vasarhelyi, Jimmy Chin Drama History"
282,Andrew Hyatt,Terry Chen,Greg Kinnear,unknown,Drama History,sight,Terry Chen Greg Kinnear unknown Andrew Hyatt Drama History
283,George C. Wolfe,Colman Domingo,Chris Rock,Glynn Turman,Drama History,rustin,Colman Domingo Chris Rock Glynn Turman George C. Wolfe Drama History
284,Augustus Meleo Bernstein,Miranda Otto,Noah Wyle,Ezekiel Pacheco,Drama War History Romance,at the gates,Miranda Otto Noah Wyle Ezekiel Pacheco Augustus Meleo Bernstein Drama War History Romance
285,Ridley Scott,Joaquin Phoenix,Vanessa Kirby,Tahar Rahim,History War Romance,napoleon,Joaquin Phoenix Vanessa Kirby Tahar Rahim Ridley Scott History War Romance
286,Jonathan Glazer,Christian Friedel,Sandra HÃ¼ller,Johann Karthaus,History Drama War,the zone of interest,Christian Friedel Sandra HÃ¼ller Johann Karthaus Jonathan Glazer History Drama War
287,Sean Durkin,Zac Efron,Jeremy Allen White,Harris Dickinson,Drama History,the iron claw,Zac Efron Jeremy Allen White Harris Dickinson Sean Durkin Drama History
288,George Clooney,Callum Turner,Joel Edgerton,Peter Guinness,Drama History,the boys in the boat,Callum Turner Joel Edgerton Peter Guinness George Clooney Drama History
289,Michael Mann,Adam Driver,Penelope Cruz,Shailene Woodley,History Drama,ferrari,Adam Driver Penelope Cruz Shailene Woodley Michael Mann History Drama
290,Reinaldo Marcus Green,Kingsley Ben-Adir,Lashana Lynch,James Norton,Music History Drama,bob marley: one love,Kingsley Ben-Adir Lashana Lynch James Norton Reinaldo Marcus Green Music History Drama
291,Alejandro Monteverde,Cristiana Dell'Anna,David Morse,Romana Maggiora Vergano,History Drama,cabrini,Cristiana Dell'Anna David Morse Romana Maggiora Vergano Alejandro Monteverde History Drama
292,John Ridley,Regina King,Lance Reddick,Lucas Hedges,History Drama,shirley,Regina King Lance Reddick Lucas Hedges John Ridley History Drama
293,James Hawes,Anthony Hopkins,Helena Bonham Carter,Johnny Flynn,History Drama Family,one life,Anthony Hopkins Helena Bonham Carter Johnny Flynn James Hawes History Drama Family
294,Danny A. Abeckaser,Danny A. Abeckaser,Julian Brass,Robert Davi,History War,bardejov,Danny A. Abeckaser Julian Brass Robert Davi Danny A. Abeckaser History War
295,Jerry Seinfeld,Jerry Seinfeld,Melissa McCarthy,Jim Gaffigan,Comedy History,unfrosted,Jerry Seinfeld Melissa McCarthy Jim Gaffigan Jerry Seinfeld Comedy History
296,Sam Taylor-Johnson,Marisa Abela,Jack O'Connell,Eddie Marsan,Music History Drama,back to black,Marisa Abela Jack O'Connell Eddie Marsan Sam Taylor-Johnson Music History Drama
297,Andrew Hyatt,Terry Chen,Greg Kinnear,Danni Wang,Drama History,sight,Terry Chen Greg Kinnear Danni Wang Andrew Hyatt Drama History
298,Joachim RÃ¸nning,Daisy Ridley,Tilda Cobham-Hervey,Stephen Graham,History Drama,young woman and the sea,Daisy Ridley Tilda Cobham-Hervey Stephen Graham Joachim RÃ¸nning History Drama
299,Jake Paltrow,Koby Adere,Adam Gabay,Tzahi Grad,Drama History,june zero,Koby Adere Adam Gabay Tzahi Grad Jake Paltrow Drama History
300,Greg Berlanti,Scarlett Johansson,Channing Tatum,Jim Rash,Comedy Romance History,fly me to the moon,Scarlett Johansson Channing Tatum Jim Rash Greg Berlanti Comedy Romance History
301,Simon Verhoeven,Elan Ben Ali,Tijan Njie,Matthias SchweighÃ¶fer,Drama History Music,girl you know it's true,Elan Ben Ali Tijan Njie Matthias SchweighÃ¶fer Simon Verhoeven Drama History Music
302,Chiwetel Ejiofor,Jay Will,Mary J. Blige,Chiwetel Ejiofor,Drama History,rob peace,Jay Will Mary J. Blige Chiwetel Ejiofor Chiwetel Ejiofor Drama History
303,Sean McNamara,Dennis Quaid,Penelope Ann Miller,Robert Davi,Drama History,reagan,Dennis Quaid Penelope Ann Miller Robert Davi Sean McNamara Drama History
304,Jason Reitman,Gabriel LaBelle,Rachel Sennott,Cory Michael Smith,Comedy Drama History,saturday night,Gabriel LaBelle Rachel Sennott Cory Michael Smith Jason Reitman Comedy Drama History
305,James Mangold,TimothÃ©e Chalamet,Edward Norton,Elle Fanning,Drama Music History,a complete unknown,TimothÃ©e Chalamet Edward Norton Elle Fanning James Mangold Drama Music History
